date,kind,region,spot,h,swell,period,sdir,wind,wdir,gust,tide,score
2026-10-01,forecast,phuket,naiharn,6,0.51,7.07,251.75,0.6,63.43,1,0.07,2.31
2026-10-01,forecast,phuket,naiharn,7,0.5,7.1,251.75,1.27,74.83,1.2,0.08,2.28
2026-10-01,forecast,phuket,naiharn,8,0.49,7.13,251.75,1.19,99.29,2.1,0.2,2.25
2026-10-01,forecast,phuket,naiharn,9,0.48,7.2,251.75,1.52,111.74,2.9,0.38,2.23
2026-10-01,forecast,phuket,naiharn,10,0.47,7.23,251.75,1.69,121.04,3.1,0.58,2.2
2026-10-01,forecast,phuket,naiharn,11,0.47,7.28,251.75,1.87,138.26,3,0.73,2.21
2026-10-01,forecast,phuket,naiharn,12,0.45,7.35,252.25,2.02,156.97,3,0.8,2.16
2026-10-01,forecast,phuket,naiharn,13,0.45,7.38,252.25,1.88,179.16,3,0.79,2.16
2026-10-01,forecast,phuket,naiharn,14,0.45,7.4,252.25,1.75,195.5,2.8,0.69,2.17
2026-10-01,forecast,phuket,naiharn,15,0.43,7.4,253,1.73,221.02,2.6,0.52,2.09
2026-10-01,forecast,phuket,naiharn,16,0.43,7.43,253,1.64,246.92,2.6,0.34,2.09
2026-10-01,forecast,phuket,naiharn,17,0.43,7.48,252.75,1.8,259.36,2.9,0.19,2.11
2026-10-01,forecast,phuket,naiharn,18,0.41,7.53,252.75,1.8,267.47,3.3,0.12,2.04
2026-10-01,forecast,phuket,kata,6,0.51,7.07,251.25,0.6,63.43,1,0.07,4.22
2026-10-01,forecast,phuket,kata,7,0.5,7.1,251.25,1.27,74.83,1.2,0.08,4.16
2026-10-01,forecast,phuket,kata,8,0.49,7.13,251.25,1.19,99.29,2.1,0.2,4.1
2026-10-01,forecast,phuket,kata,9,0.48,7.2,251,1.52,111.74,2.9,0.38,4.06
2026-10-01,forecast,phuket,kata,10,0.47,7.23,251.25,1.69,121.04,3.1,0.58,4
2026-10-01,forecast,phuket,kata,11,0.47,7.28,251.25,1.87,138.26,3,0.73,4.02
2026-10-01,forecast,phuket,kata,12,0.45,7.35,251.75,2.02,156.97,3,0.8,3.9
2026-10-01,forecast,phuket,kata,13,0.45,7.38,252,1.88,179.16,3,0.79,3.92
2026-10-01,forecast,phuket,kata,14,0.45,7.4,252,1.75,195.5,2.8,0.69,3.93
2026-10-01,forecast,phuket,kata,15,0.43,7.4,252.5,1.73,221.02,2.6,0.52,3.77
2026-10-01,forecast,phuket,kata,16,0.43,7.43,252.75,1.64,246.92,2.6,0.34,3.78
2026-10-01,forecast,phuket,kata,17,0.43,7.48,252.5,1.8,259.36,2.9,0.19,3.81
2026-10-01,forecast,phuket,kata,18,0.41,7.53,252.5,1.8,267.47,3.3,0.12,3.67
2026-10-01,forecast,phuket,patong,6,0.5,7.55,251,0.6,60.21,1,0.07,2.74
2026-10-01,forecast,phuket,patong,7,0.49,7.57,251,0.88,69.82,1.2,0.09,2.7
2026-10-01,forecast,phuket,patong,8,0.49,7.63,251,0.84,94.09,2.1,0.2,2.71
2026-10-01,forecast,phuket,patong,9,0.47,7.7,250.75,1.07,113.87,2.5,0.38,2.64
2026-10-01,forecast,phuket,patong,10,0.47,7.7,251,1.47,140.12,2.7,0.58,2.64
2026-10-01,forecast,phuket,patong,11,0.47,7.68,251.25,1.65,160.58,3.4,0.73,2.63
2026-10-01,forecast,phuket,patong,12,0.46,7.58,251.5,2.11,179.47,4.3,0.8,2.56
2026-10-01,forecast,phuket,patong,13,0.46,7.55,252,2.31,210.52,4.3,0.78,2.55
2026-10-01,forecast,phuket,patong,14,0.45,7.63,252,2.22,224.61,4.1,0.68,2.52
2026-10-01,forecast,phuket,patong,15,0.44,7.75,252,1.9,243.7,4,0.52,2.51
2026-10-01,forecast,phuket,patong,16,0.43,7.83,252.25,1.64,260.38,3.8,0.34,2.48
2026-10-01,forecast,phuket,patong,17,0.43,7.9,252,1.8,265.6,3.5,0.19,2.5
2026-10-01,forecast,phuket,patong,18,0.41,7.98,251.75,1.8,270.76,3.4,0.12,2.42
2026-10-01,forecast,phuket,karon,6,0.5,7.07,251.25,0.6,63.43,1,0.07,3.49
2026-10-01,forecast,phuket,karon,7,0.49,7.1,251.25,1.27,74.83,1.2,0.09,3.44
2026-10-01,forecast,phuket,karon,8,0.49,7.13,251.25,1.19,99.29,2.1,0.2,3.45
2026-10-01,forecast,phuket,karon,9,0.47,7.2,251,1.52,111.74,2.9,0.38,3.36
2026-10-01,forecast,phuket,karon,10,0.47,7.23,251.25,1.69,121.04,3.1,0.58,3.37
2026-10-01,forecast,phuket,karon,11,0.47,7.28,251.25,1.87,138.26,3,0.73,3.39
2026-10-01,forecast,phuket,karon,12,0.45,7.35,251.75,2.02,156.97,3,0.8,3.29
2026-10-01,forecast,phuket,karon,13,0.45,7.38,252,1.88,179.16,3,0.78,3.3
2026-10-01,forecast,phuket,karon,14,0.44,7.4,252,1.75,195.5,2.8,0.68,3.25
2026-10-01,forecast,phuket,karon,15,0.43,7.4,252.5,1.73,221.02,2.6,0.52,3.18
2026-10-01,forecast,phuket,karon,16,0.42,7.43,252.75,1.64,246.92,2.6,0.34,3.12
2026-10-01,forecast,phuket,karon,17,0.42,7.48,252.5,1.8,259.36,2.9,0.19,3.14
2026-10-01,forecast,phuket,karon,18,0.4,7.53,252.5,1.8,267.47,3.3,0.12,3.03
2026-10-01,forecast,phuket,katanoi,6,0.51,7.07,251.25,0.6,63.43,1,0.07,2.79
2026-10-01,forecast,phuket,katanoi,7,0.5,7.1,251.25,1.27,74.83,1.2,0.08,2.75
2026-10-01,forecast,phuket,katanoi,8,0.49,7.13,251.25,1.19,99.29,2.1,0.2,2.71
2026-10-01,forecast,phuket,katanoi,9,0.48,7.2,251,1.52,111.74,2.9,0.38,2.69
2026-10-01,forecast,phuket,katanoi,10,0.47,7.23,251.25,1.69,121.04,3.1,0.58,2.65
2026-10-01,forecast,phuket,katanoi,11,0.47,7.28,251.25,1.87,138.26,3,0.73,2.67
2026-10-01,forecast,phuket,katanoi,12,0.45,7.35,251.75,2.02,156.97,3,0.8,2.59
2026-10-01,forecast,phuket,katanoi,13,0.45,7.38,252,1.88,179.16,3,0.79,2.6
2026-10-01,forecast,phuket,katanoi,14,0.45,7.4,252,1.75,195.5,2.8,0.69,2.61
2026-10-01,forecast,phuket,katanoi,15,0.43,7.4,252.5,1.73,221.02,2.6,0.52,2.51
2026-10-01,forecast,phuket,katanoi,16,0.43,7.43,252.75,1.64,246.92,2.6,0.34,2.52
2026-10-01,forecast,phuket,katanoi,17,0.43,7.48,252.5,1.8,259.36,2.9,0.19,2.53
2026-10-01,forecast,phuket,katanoi,18,0.41,7.53,252.5,1.8,267.47,3.3,0.12,2.44
2026-10-01,forecast,phuket,kalim,6,0.5,7.55,251,0.6,60.21,1,0.07,1.71
2026-10-01,forecast,phuket,kalim,7,0.49,7.57,251,0.88,69.82,1.2,0.09,1.68
2026-10-01,forecast,phuket,kalim,8,0.49,7.63,251,0.84,94.09,2.1,0.2,1.69
2026-10-01,forecast,phuket,kalim,9,0.47,7.7,250.75,1.07,113.87,2.5,0.38,1.65
2026-10-01,forecast,phuket,kalim,10,0.47,7.7,251,1.47,140.12,2.7,0.58,1.65
2026-10-01,forecast,phuket,kalim,11,0.47,7.68,251.25,1.65,160.58,3.4,0.73,1.65
2026-10-01,forecast,phuket,kalim,12,0.46,7.58,251.5,2.11,179.47,4.3,0.8,1.61
2026-10-01,forecast,phuket,kalim,13,0.46,7.55,252,2.31,210.52,4.3,0.78,1.6
2026-10-01,forecast,phuket,kalim,14,0.45,7.63,252,2.22,224.61,4.1,0.68,1.59
2026-10-01,forecast,phuket,kalim,15,0.44,7.75,252,1.9,243.7,4,0.52,1.58
2026-10-01,forecast,phuket,kalim,16,0.43,7.83,252.25,1.64,260.38,3.8,0.34,1.56
2026-10-01,forecast,phuket,kalim,17,0.43,7.9,252,1.8,265.6,3.5,0.19,1.58
2026-10-01,forecast,phuket,kalim,18,0.41,7.98,251.75,1.8,270.76,3.4,0.12,1.53
2026-10-01,forecast,phuket,kamala,6,0.49,7.55,250.25,0.51,56,1,0.07,2.93
2026-10-01,forecast,phuket,kamala,7,0.48,7.57,250.25,0.82,68.08,1.3,0.09,2.89
2026-10-01,forecast,phuket,kamala,8,0.48,7.63,250.5,0.82,92.53,2.5,0.21,2.91
2026-10-01,forecast,phuket,kamala,9,0.46,7.7,250.5,1.03,111.73,2.5,0.39,2.82
2026-10-01,forecast,phuket,kamala,10,0.46,7.7,250.5,1.47,136.88,2.7,0.59,2.82
2026-10-01,forecast,phuket,kamala,11,0.45,7.68,250.75,1.65,154.01,3.4,0.74,2.76
2026-10-01,forecast,phuket,kamala,12,0.45,7.58,251.25,1.94,171.69,4.3,0.8,2.73
2026-10-01,forecast,phuket,kamala,13,0.44,7.55,251.5,2.2,206.53,4.3,0.78,2.67
2026-10-01,forecast,phuket,kamala,14,0.44,7.63,251.75,1.97,225.61,3.8,0.68,2.7
2026-10-01,forecast,phuket,kamala,15,0.43,7.75,251.75,1.66,246.52,3.8,0.52,2.68
2026-10-01,forecast,phuket,kamala,16,0.43,7.88,251.5,1.55,266.03,3.8,0.34,2.72
2026-10-01,forecast,phuket,kamala,17,0.43,7.98,251.5,1.85,269.78,4,0.19,2.75
2026-10-01,forecast,phuket,kamala,18,0.41,8.07,251.5,1.77,275.22,3.4,0.12,2.67
2026-10-01,forecast,phuket,surin,6,0.49,7.55,250.25,0.51,92.48,1,0.07,2.48
2026-10-01,forecast,phuket,surin,7,0.48,7.57,250.25,0.82,85.96,1.3,0.09,2.45
2026-10-01,forecast,phuket,surin,8,0.48,7.63,250.5,0.82,101.33,2.5,0.21,2.46
2026-10-01,forecast,phuket,surin,9,0.46,7.7,250.5,1.03,111.73,2.5,0.39,2.39
2026-10-01,forecast,phuket,surin,10,0.46,7.7,250.5,1.47,134.61,2.7,0.59,2.39
2026-10-01,forecast,phuket,surin,11,0.45,7.68,250.75,1.6,147.33,3.4,0.74,2.34
2026-10-01,forecast,phuket,surin,12,0.45,7.58,251.25,1.94,151.5,4.3,0.8,2.32
2026-10-01,forecast,phuket,surin,13,0.44,7.55,251.5,2.11,215.66,4.3,0.78,2.27
2026-10-01,forecast,phuket,surin,14,0.44,7.63,251.75,1.93,235.38,3.8,0.68,2.29
2026-10-01,forecast,phuket,surin,15,0.43,7.75,251.75,1.74,252.63,3.8,0.52,2.27
2026-10-01,forecast,phuket,surin,16,0.43,7.88,251.5,1.67,271.36,3.8,0.34,2.3
2026-10-01,forecast,phuket,surin,17,0.43,7.98,251.5,1.97,273.06,4,0.19,2.33
2026-10-01,forecast,phuket,surin,18,0.41,8.07,251.5,1.85,273.22,3.4,0.12,2.26
2026-10-01,forecast,phuket,bangtao,6,0.48,7.55,250.25,0.51,92.48,1,0.07,3.47
2026-10-01,forecast,phuket,bangtao,7,0.47,7.57,250.25,0.82,85.96,1.3,0.1,3.42
2026-10-01,forecast,phuket,bangtao,8,0.47,7.63,250.5,0.82,101.33,2.5,0.22,3.44
2026-10-01,forecast,phuket,bangtao,9,0.45,7.7,250.5,1.03,111.73,2.5,0.4,3.34
2026-10-01,forecast,phuket,bangtao,10,0.45,7.7,250.5,1.47,134.61,2.7,0.59,3.34
2026-10-01,forecast,phuket,bangtao,11,0.45,7.68,250.75,1.6,147.33,3.4,0.74,3.33
2026-10-01,forecast,phuket,bangtao,12,0.44,7.58,251.25,1.94,151.5,4.3,0.8,3.23
2026-10-01,forecast,phuket,bangtao,13,0.44,7.55,251.5,2.11,215.66,4.3,0.78,3.22
2026-10-01,forecast,phuket,bangtao,14,0.44,7.63,251.75,1.93,235.38,3.8,0.68,3.24
2026-10-01,forecast,phuket,bangtao,15,0.42,7.75,251.75,1.74,252.63,3.8,0.52,3.16
2026-10-01,forecast,phuket,bangtao,16,0.42,7.88,251.5,1.67,271.36,3.8,0.33,3.2
2026-10-01,forecast,phuket,bangtao,17,0.42,7.98,251.5,1.97,273.06,4,0.19,3.24
2026-10-01,forecast,phuket,bangtao,18,0.4,8.07,251.75,1.85,273.22,3.4,0.12,3.14
2026-10-01,forecast,phuket,layan,6,0.48,7.55,250.25,0.51,92.48,1,0.07,3.19
2026-10-01,forecast,phuket,layan,7,0.47,7.57,250.25,0.82,85.96,1.3,0.1,3.14
2026-10-01,forecast,phuket,layan,8,0.47,7.63,250.5,0.82,101.33,2.5,0.22,3.16
2026-10-01,forecast,phuket,layan,9,0.45,7.7,250.5,1.03,111.73,2.5,0.4,3.06
2026-10-01,forecast,phuket,layan,10,0.45,7.7,250.5,1.47,134.61,2.7,0.59,3.06
2026-10-01,forecast,phuket,layan,11,0.45,7.68,250.75,1.6,147.33,3.4,0.74,3.06
2026-10-01,forecast,phuket,layan,12,0.44,7.58,251.25,1.94,151.5,4.3,0.8,2.96
2026-10-01,forecast,phuket,layan,13,0.44,7.55,251.5,2.11,215.66,4.3,0.78,2.95
2026-10-01,forecast,phuket,layan,14,0.44,7.63,251.75,1.93,235.38,3.8,0.68,2.98
2026-10-01,forecast,phuket,layan,15,0.42,7.75,251.75,1.74,252.63,3.8,0.52,2.9
2026-10-01,forecast,phuket,layan,16,0.42,7.88,251.5,1.67,271.36,3.8,0.33,2.94
2026-10-01,forecast,phuket,layan,17,0.42,7.98,251.5,1.97,273.06,4,0.19,2.98
2026-10-01,forecast,phuket,layan,18,0.4,8.07,251.75,1.85,273.22,3.4,0.12,2.88
2026-10-01,forecast,phuket,naithon,6,0.48,7.55,250.25,0.67,87.13,1,0.07,3.28
2026-10-01,forecast,phuket,naithon,7,0.47,7.57,250.25,0.92,76.25,1.3,0.1,3.23
2026-10-01,forecast,phuket,naithon,8,0.47,7.63,250.5,0.92,92.93,2.5,0.22,3.25
2026-10-01,forecast,phuket,naithon,9,0.45,7.7,250.5,1.07,106.53,2.5,0.4,3.16
2026-10-01,forecast,phuket,naithon,10,0.45,7.7,250.5,1.47,130.7,2.7,0.59,3.16
2026-10-01,forecast,phuket,naithon,11,0.45,7.68,250.75,1.55,144.21,3.4,0.74,3.15
2026-10-01,forecast,phuket,naithon,12,0.44,7.58,251.25,1.89,155.67,4,0.8,3.05
2026-10-01,forecast,phuket,naithon,13,0.44,7.55,251.5,2.19,219.46,3.9,0.78,3.04
2026-10-01,forecast,phuket,naithon,14,0.44,7.63,251.75,2.38,238.76,4.7,0.68,3.07
2026-10-01,forecast,phuket,naithon,15,0.42,7.75,251.75,1.9,254.67,4.8,0.52,2.99
2026-10-01,forecast,phuket,naithon,16,0.42,7.88,251.5,1.76,272.82,4,0.33,3.03
2026-10-01,forecast,phuket,naithon,17,0.42,7.98,251.5,2.01,278.3,4.1,0.19,3.06
2026-10-01,forecast,phuket,naithon,18,0.4,8.07,251.75,1.93,278.19,3.4,0.12,2.97
2026-10-01,forecast,phuket,naiyang,6,0.47,7.55,250,0.67,87.13,1,0.07,3.35
2026-10-01,forecast,phuket,naiyang,7,0.46,7.57,250,0.92,76.25,1.3,0.1,3.29
2026-10-01,forecast,phuket,naiyang,8,0.46,7.63,250,0.92,92.93,2.5,0.22,3.31
2026-10-01,forecast,phuket,naiyang,9,0.44,7.7,250,1.07,106.53,2.5,0.4,3.21
2026-10-01,forecast,phuket,naiyang,10,0.44,7.7,250,1.47,130.7,2.7,0.6,3.21
2026-10-01,forecast,phuket,naiyang,11,0.44,7.68,250.5,1.55,144.21,3.4,0.74,3.2
2026-10-01,forecast,phuket,naiyang,12,0.43,7.58,250.75,1.89,155.67,4,0.8,3.1
2026-10-01,forecast,phuket,naiyang,13,0.43,7.55,251.25,2.19,219.46,3.9,0.78,3.1
2026-10-01,forecast,phuket,naiyang,14,0.43,7.63,251.25,2.38,238.76,4.7,0.68,3.12
2026-10-01,forecast,phuket,naiyang,15,0.41,7.75,251.25,1.9,254.67,4.8,0.51,3.04
2026-10-01,forecast,phuket,naiyang,16,0.41,7.88,251,1.76,272.82,4,0.33,3.08
2026-10-01,forecast,phuket,naiyang,17,0.41,7.98,251.25,2.01,278.3,4.1,0.18,3.12
2026-10-01,forecast,phuket,naiyang,18,0.4,8.07,251.25,1.93,278.19,3.4,0.12,3.08
2026-10-01,forecast,phuket,kl_khukkhak,6,0.39,8.13,246.75,0.89,116.33,1.7,0.07,3.86
2026-10-01,forecast,phuket,kl_khukkhak,7,0.39,8.18,246.75,1.39,104.72,1.9,0.12,3.88
2026-10-01,forecast,phuket,kl_khukkhak,8,0.39,8.2,246.75,1.13,113.89,2.4,0.24,3.89
2026-10-01,forecast,phuket,kl_khukkhak,9,0.37,8.23,246.75,0.92,119.66,2.4,0.43,3.72
2026-10-01,forecast,phuket,kl_khukkhak,10,0.37,8.23,246.75,0.73,155.62,2.4,0.62,3.72
2026-10-01,forecast,phuket,kl_khukkhak,11,0.37,8.23,246.75,1.03,240.33,1.8,0.76,3.72
2026-10-01,forecast,phuket,kl_khukkhak,12,0.37,8.2,246.75,1.92,257.67,5.5,0.81,3.71
2026-10-01,forecast,phuket,kl_khukkhak,13,0.37,8.18,247,2.54,268.79,6.3,0.79,3.7
2026-10-01,forecast,phuket,kl_khukkhak,14,0.37,8.13,247.5,2.27,271.54,6,0.69,3.68
2026-10-01,forecast,phuket,kl_khukkhak,15,0.37,8.07,247,1.92,276.28,5.1,0.52,3.66
2026-10-01,forecast,phuket,kl_khukkhak,16,0.37,8.1,247.5,1.65,292.73,4.3,0.33,3.67
2026-10-01,forecast,phuket,kl_khukkhak,17,0.36,8.25,247.5,1.23,297.88,3.7,0.18,3.64
2026-10-01,forecast,phuket,kl_khukkhak,18,0.35,8.43,247.25,0.98,299.86,2.5,0.12,3.62
2026-10-01,forecast,khaolak,khukkhak,6,0.39,8.13,246.75,0.89,116.33,1.7,0.07,3.86
2026-10-01,forecast,khaolak,khukkhak,7,0.39,8.18,246.75,0.98,114,1.9,0.12,3.88
2026-10-01,forecast,khaolak,khukkhak,8,0.39,8.2,246.75,1.25,124.97,2.4,0.24,3.89
2026-10-01,forecast,khaolak,khukkhak,9,0.37,8.23,246.75,0.92,137.12,2.4,0.43,3.72
2026-10-01,forecast,khaolak,khukkhak,10,0.37,8.23,246.75,0.73,199.73,2.4,0.62,3.72
2026-10-01,forecast,khaolak,khukkhak,11,0.37,8.23,246.75,1.03,256.31,1.8,0.76,3.72
2026-10-01,forecast,khaolak,khukkhak,12,0.37,8.2,246.75,1.92,273.3,5.5,0.81,3.71
2026-10-01,forecast,khaolak,khukkhak,13,0.37,8.18,247,2.54,275.67,6.3,0.79,3.7
2026-10-01,forecast,khaolak,khukkhak,14,0.37,8.13,247.5,2.27,275.67,6,0.69,3.68
2026-10-01,forecast,khaolak,khukkhak,15,0.37,8.07,247,1.92,280.48,5.1,0.52,3.66
2026-10-01,forecast,khaolak,khukkhak,16,0.37,8.1,247.5,1.65,302.2,4.3,0.33,3.67
2026-10-01,forecast,khaolak,khukkhak,17,0.36,8.25,247.5,1.23,318.1,3.7,0.18,3.64
2026-10-01,forecast,khaolak,khukkhak,18,0.35,8.43,247.25,0.98,330.33,2.5,0.12,3.62
2026-10-01,forecast,khaolak,pakarang,6,0.39,8.13,246.75,0.89,116.33,1.7,0.07,2.54
2026-10-01,forecast,khaolak,pakarang,7,0.39,8.18,246.75,0.98,114,1.9,0.12,2.55
2026-10-01,forecast,khaolak,pakarang,8,0.39,8.2,246.75,1.25,124.97,2.4,0.24,2.56
2026-10-01,forecast,khaolak,pakarang,9,0.37,8.23,246.75,0.92,137.12,2.4,0.43,2.45
2026-10-01,forecast,khaolak,pakarang,10,0.37,8.23,246.75,0.73,199.73,2.4,0.62,2.45
2026-10-01,forecast,khaolak,pakarang,11,0.37,8.23,246.75,1.03,256.31,1.8,0.76,2.45
2026-10-01,forecast,khaolak,pakarang,12,0.37,8.2,246.75,1.92,273.3,5.5,0.81,2.45
2026-10-01,forecast,khaolak,pakarang,13,0.37,8.18,247,2.54,275.67,6.3,0.79,2.44
2026-10-01,forecast,khaolak,pakarang,14,0.37,8.13,247.5,2.27,275.67,6,0.69,2.43
2026-10-01,forecast,khaolak,pakarang,15,0.37,8.07,247,1.92,280.48,5.1,0.52,2.42
2026-10-01,forecast,khaolak,pakarang,16,0.37,8.1,247.5,1.65,302.2,4.3,0.33,2.42
2026-10-01,forecast,khaolak,pakarang,17,0.36,8.25,247.5,1.23,318.1,3.7,0.18,2.4
2026-10-01,forecast,khaolak,pakarang,18,0.35,8.43,247.25,0.98,330.33,2.5,0.12,2.39
2026-10-01,forecast,khaolak,bangniang,6,0.39,8.13,246.75,0.95,113.33,1.9,0.07,3.86
2026-10-01,forecast,khaolak,bangniang,7,0.39,8.18,246.75,0.92,110.32,1.9,0.12,3.88
2026-10-01,forecast,khaolak,bangniang,8,0.39,8.2,246.75,1.25,124.97,2.5,0.24,3.89
2026-10-01,forecast,khaolak,bangniang,9,0.37,8.23,246.75,0.9,142.98,2.6,0.43,3.72
2026-10-01,forecast,khaolak,bangniang,10,0.37,8.23,246.75,0.74,208.81,2.8,0.62,3.72
2026-10-01,forecast,khaolak,bangniang,11,0.37,8.23,246.75,1.03,248.97,2.9,0.76,3.72
2026-10-01,forecast,khaolak,bangniang,12,0.37,8.2,246.75,1.92,266.41,5.5,0.81,3.71
2026-10-01,forecast,khaolak,bangniang,13,0.37,8.18,247,2.4,273.18,6.3,0.79,3.7
2026-10-01,forecast,khaolak,bangniang,14,0.37,8.13,247.5,2.27,275.67,6,0.69,3.68
2026-10-01,forecast,khaolak,bangniang,15,0.37,8.07,247,1.92,279.7,5.2,0.52,3.66
2026-10-01,forecast,khaolak,bangniang,16,0.37,8.1,247.5,1.65,302.48,4.4,0.33,3.67
2026-10-01,forecast,khaolak,bangniang,17,0.36,8.25,247.5,1.23,322.31,3.7,0.18,3.64
2026-10-01,forecast,khaolak,bangniang,18,0.35,8.43,247.25,0.98,341.92,3,0.12,3.62
2026-10-01,forecast,khaolak,nangthong,6,0.39,8.38,246.25,0.95,105.67,1.9,0.08,3.18
2026-10-01,forecast,khaolak,nangthong,7,0.39,8.43,246.25,0.92,104.32,1.9,0.12,3.2
2026-10-01,forecast,khaolak,nangthong,8,0.39,8.45,246.25,1.25,122.6,2.5,0.24,3.21
2026-10-01,forecast,khaolak,nangthong,9,0.37,8.48,246.5,0.9,141.69,2.6,0.43,3.07
2026-10-01,forecast,khaolak,nangthong,10,0.37,8.45,246.5,0.74,210.8,2.8,0.62,3.06
2026-10-01,forecast,khaolak,nangthong,11,0.37,8.43,246.5,1.03,242.88,2.9,0.76,3.06
2026-10-01,forecast,khaolak,nangthong,12,0.37,8.4,246.5,1.95,263.14,5.5,0.81,3.05
2026-10-01,forecast,khaolak,nangthong,13,0.37,8.38,246.75,2.4,272.42,6.3,0.79,3.04
2026-10-01,forecast,khaolak,nangthong,14,0.37,8.35,247.25,2.27,273.43,6,0.68,3.03
2026-10-01,forecast,khaolak,nangthong,15,0.37,8.32,246.75,1.8,278.53,5.2,0.52,3.02
2026-10-01,forecast,khaolak,nangthong,16,0.37,8.35,247.25,1.49,302.89,4.4,0.33,3.03
2026-10-01,forecast,khaolak,nangthong,17,0.36,8.5,247.25,1.23,324.5,3.7,0.18,3.01
2026-10-01,forecast,khaolak,nangthong,18,0.35,8.7,247,0.96,343.82,3,0.12,2.99
2026-10-01,forecast,khaolak,pakweep,6,0.39,8.13,246.75,0.89,116.33,1.7,0.07,3.28
2026-10-01,forecast,khaolak,pakweep,7,0.39,8.18,246.75,0.98,114,1.9,0.12,3.3
2026-10-01,forecast,khaolak,pakweep,8,0.39,8.2,246.75,1.25,124.97,2.4,0.24,3.3
2026-10-01,forecast,khaolak,pakweep,9,0.37,8.23,246.75,0.92,137.12,2.4,0.43,3.16
2026-10-01,forecast,khaolak,pakweep,10,0.37,8.23,246.75,0.73,199.73,2.4,0.62,3.16
2026-10-01,forecast,khaolak,pakweep,11,0.37,8.23,246.75,1.03,256.31,1.8,0.76,3.16
2026-10-01,forecast,khaolak,pakweep,12,0.37,8.2,246.75,1.92,273.3,5.5,0.81,3.16
2026-10-01,forecast,khaolak,pakweep,13,0.37,8.18,247,2.54,275.67,6.3,0.79,3.15
2026-10-01,forecast,khaolak,pakweep,14,0.37,8.13,247.5,2.27,275.67,6,0.69,3.13
2026-10-01,forecast,khaolak,pakweep,15,0.37,8.07,247,1.92,280.48,5.1,0.52,3.11
2026-10-01,forecast,khaolak,pakweep,16,0.37,8.1,247.5,1.65,302.2,4.3,0.33,3.12
2026-10-01,forecast,khaolak,pakweep,17,0.36,8.25,247.5,1.23,318.1,3.7,0.18,3.1
2026-10-01,forecast,khaolak,pakweep,18,0.35,8.43,247.25,0.98,330.33,2.5,0.12,3.08
2026-10-01,forecast,khaolak,bangsak,6,0.37,8.4,242.77,0.89,116.33,1.7,0.07,3.31
2026-10-01,forecast,khaolak,bangsak,7,0.37,8.43,242.52,0.98,114,1.9,0.12,3.32
2026-10-01,forecast,khaolak,bangsak,8,0.37,8.45,242.77,1.25,124.97,2.4,0.24,3.33
2026-10-01,forecast,khaolak,bangsak,9,0.36,8.53,242.77,0.92,137.12,2.4,0.43,3.27
2026-10-01,forecast,khaolak,bangsak,10,0.35,8.55,242.77,0.73,199.73,2.4,0.62,3.2
2026-10-01,forecast,khaolak,bangsak,11,0.35,7.88,247.75,1.03,256.31,1.8,0.76,2.98
2026-10-01,forecast,khaolak,bangsak,12,0.35,7.88,247.75,1.92,273.3,5.5,0.82,2.98
2026-10-01,forecast,khaolak,bangsak,13,0.35,7.85,247.75,2.54,275.67,6.3,0.79,2.97
2026-10-01,forecast,khaolak,bangsak,14,0.35,7.83,248,2.27,275.67,6,0.69,2.96
2026-10-01,forecast,khaolak,bangsak,15,0.35,7.78,248.25,1.92,280.48,5.1,0.52,2.95
2026-10-01,forecast,khaolak,bangsak,16,0.35,7.78,248.5,1.65,302.2,4.3,0.33,2.95
2026-10-01,forecast,khaolak,bangsak,17,0.35,7.9,248.5,1.23,318.1,3.7,0.18,2.99
2026-10-01,forecast,khaolak,bangsak,18,0.33,8.07,248.5,0.98,330.33,2.5,0.12,2.89
